{"cameraMode":{"drawMode":0,"name":"Shaded","section":"Shading Mode"},"sceneLighting":true,"audioPlay":false,"sceneViewState":{"m_AlwaysRefresh":false,"showFog":true,"showSkybox":true,"showFlares":true,"showImageEffects":true,"showParticleSystems":true,"showVisualEffectGraphs":true,"m_FxEnabled":true},"in2DMode":false,"pivot":{"x":0.10367225855588913,"y":1.7750139236450196,"z":-11.57856273651123},"rotation":{"x":-0.03268327936530113,"y":0.007490413263440132,"z":0.0002455176436342299,"w":0.9994367957115173},"size":0.8660253882408142,"orthographic":false}